created_at,text
2018-11-10 18:49:44,"I was stunned by the #MidtermElection2018 

I expected HUGE Red Wave

didn‚Äôt understand 

But it‚Äôs looking like mid‚Ä¶ https://t.co/bhfVgsaoOG"
2018-11-10 18:47:55,Watching the voting debacle unfold in America &amp; reminding myself how awesome it is to live in a country where I can‚Ä¶ https://t.co/KczLsGK5kP
2018-11-10 18:39:06,"@CeeCee22063524 Didn't Q promise this would all happen a year ago?
How long will it take before you realize it is f‚Ä¶ https://t.co/RL3Lka5Nbh"
2018-11-10 18:38:22,@MAGAPOTUS2018 I pray Trump  resigns and/or is incarcerated before he causes anymore irreparable harm to the US and‚Ä¶ https://t.co/8EAhUtU4rf
2018-11-10 16:56:12,"'The purpose of the government is to' ""protect the minority of the  opulent from the majority"" --James Madison, maj‚Ä¶ https://t.co/Sr8aeSmcSO"
2018-11-10 16:39:27,@washingtonpost Of course ‚Äúconcession‚Äù speeches or comments are not binding. It is only the vote if the people.#MidtermElection2018
2018-11-10 16:11:48,Political unity has to be intentional. #Midterms2018 #MidtermElection2018
2018-11-10 15:13:43,"In light of everything going on in GA and FL, I am proud of @dougducey, @JeffFlake, and AZ for ensuring all absente‚Ä¶ https://t.co/T2bsdUNkM7"
2018-11-10 15:03:18,"@uniVEErse @kindergeek When I think Trump can‚Äôt disgust me anymore, he pulls another rabbit out of his hat!‚Ä¶ https://t.co/T7C3h6SwyC"
2018-11-10 15:00:04,@TheDemocrats Historically the opposite party wins #MidtermElections. Don't hurt your arm patting yourself on the b‚Ä¶ https://t.co/6U9ehLNsil
2018-11-10 14:35:45,"""As for my people, children are their oppressors, and women rule over them. O my people, they which lead thee cause‚Ä¶ https://t.co/PaDSF3wvy0"
2018-11-10 12:14:03,"#MidtermElection2018 proved to be a nice catalyst for a market rally...not that any particular party won or lost, j‚Ä¶ https://t.co/qH8FP6QRNZ"
2018-11-10 11:45:58,Everyone can call to see if their vote was counted. Call your local office for the website to check your status. It‚Ä¶ https://t.co/neiZ3JYytH
2018-11-10 11:32:35,@MensRoomLive What‚Äôs up with #Florida?  I bet it was coming back from casting its #vote for #MidtermElection2018 Ca‚Ä¶ https://t.co/Xzu2NGo3sA
2018-11-10 11:08:54,"All the surveys &amp; opinions  are one side,  janata ka mood on the day of polling is on the other side. Let see what‚Ä¶ https://t.co/YNEJjctkmC"
2018-11-10 10:08:01,"@NathanLerner @America22744047 So true,Dr @NathanLerner ! I live in Italy but (as Progressive voter) i hope this‚Ä¶ https://t.co/Ek1DXE2Pgm"
2018-11-10 06:48:24,@varin Example of why it is important to have a credible INDEPENDENT well funded electoral commision (like Australi‚Ä¶ https://t.co/u9APVUDWys
2018-11-10 06:35:35,@StephenAtHome #Florida has been ever since days of #JebBush #ElectionDay #ElectionResults2018 #Midterms2018‚Ä¶ https://t.co/e4cg7Zfdm2
2018-11-10 05:56:52,"@foxandfriends mentioned ‚Äúcaravan‚Äù #MigrantCaravan 21 times per episode ahead of #Midterm2018, ONE time after #MidtermElection2018."
2018-11-10 05:10:41,"Demobrats in Florida and Georgia refuse to face the reality that they lost.
#GOP #Midterms2018 #MidtermElection2018"
2018-11-10 04:53:23,@SarahMargulis2 @nytimes The last time Dems flipped this many house seats was 1976. I think that‚Äôs a tad longer tha‚Ä¶ https://t.co/weJIdwXYZ4
2018-11-10 04:50:17,@chrislcart @SarahMargulis2 @nytimes But not by those margins. #MidtermElection2018
2018-11-10 04:49:02,@AnirudhaPSingh @nytimes I understand Dems are borrowing Independent‚Äôs right now and we appreciate your support but‚Ä¶ https://t.co/WDfyV8QkKv
2018-11-10 04:37:08,Certify the election in #FLORIDA now! #MidtermElection2018
2018-11-10 04:23:13,"#MidtermElection2018 
Every Rep that lost-Demand a recount, get lawyers, have every ballot examined b/c if the Dems‚Ä¶ https://t.co/oL86IpMN3T"
2018-11-10 04:17:31,I'm almost ashamed at the level of schadenfreude I feel watching rich white dudes freak-out over not automatically‚Ä¶ https://t.co/QnYPMpFYLi
2018-11-10 04:07:11,Democrats are criminals! If they cannot win the vote they will try to steal it with the help of their henchmen in t‚Ä¶ https://t.co/PuGED47Del
2018-11-10 03:40:05,@realDonaldTrump Thinking you may be reporting to #Putin over this long weekend. He is not happy with you.‚Ä¶ https://t.co/YYrfTvxFSK
2018-11-10 02:58:12,With all that has happened in #California the last 48 hours ‚Äî#BorderLineShooting #CampFire #HillFire #Woolseyfire -‚Ä¶ https://t.co/friXy4R48y
2018-11-10 01:37:12,#browardcounty you need a wall built around you and all of you dumb AF liberals need to be jailed and fend for your‚Ä¶ https://t.co/r76iKfxAT9
2018-11-10 01:15:11,@1776Stonewall I was thinking this same exact thing? I truly do not believe they really won the majority in the hou‚Ä¶ https://t.co/iHnA5AcAZf
2018-11-10 01:01:08,In the #MidtermElection2018 Democrats overcame a formidable 23-seat deficit in the #House to make a net gain of 34‚Ä¶ https://t.co/rdOeV4ObrK
2018-11-10 00:44:09,That‚Äôs it Florida. The grown up states have decided you‚Äôre grounded. No more playing with the important toys until‚Ä¶ https://t.co/lq0kgjGrvf
2018-11-10 00:11:12,"As one who cares about the environment, I‚Äôm saddened to think that in 100 years, Florida will be underwater‚Ä¶

As a‚Ä¶ https://t.co/nib8VOQYyT"
2018-11-09 21:53:14,"ok, take your goddamn lawn signs down already #ElectionNight #ElectionDay #ElectionResults2018 #MidtermElection2018"
2018-11-09 21:47:56,someone please arrest @PamKeithFL for #VoterFraud #MidtermElection2018 unbelievable!!
2018-11-09 21:47:47,".@ultra_Lauren Great to meet you yesterday at #MidtermElection2018 Tech Rewind And Fast-Forward, Deciphering Change‚Ä¶ https://t.co/nMku31MzTv"
2018-11-09 21:02:14,Florida and your election bullshit...#MidtermElection2018 #midterm #2018Midterms
2018-11-09 20:52:27,Respondent XX here: Post the 2018 Midterm Election women have also been making strides state wide. Nevada will be f‚Ä¶ https://t.co/6qFBjFwAKQ
2018-11-09 20:49:30,Morosely ironic that states won by #GOP in #MidtermElection2018 voted #Democrat in the #urban while the #rural vote‚Ä¶ https://t.co/wnvOgWYOtB
2018-11-09 20:38:30,Count every vote üó≥ #FacingRace2018 #MidtermElection2018
2018-11-09 20:18:32,Why is the count in Florida always such a mess? #MidtermElection2018 #Midterms2018 #FloridaRecount2018
2018-11-09 19:54:29,"If a dead pimp beats you in an election, politics is not your calling. #MidtermElection2018"
2018-11-09 19:24:41,For those of you wondering why #Socialist have gotten so many votes during the #MidtermElection2018.  Look no furth‚Ä¶ https://t.co/NHt7Jmy6X9
2018-11-09 19:22:40,@nprpolitics They just continue to lie.  Republicans have become the party of liars and continue to try to ruin@our‚Ä¶ https://t.co/CNspzvsAKW
2018-11-09 19:17:58,@realDonaldTrump Typical Democrats: they believe the counting should never stop...until they end up ahead.‚Ä¶ https://t.co/WXKWXdKy4c
2018-11-09 19:15:40,@FordOConnell @billpostmus How is this the same #BrowardCounty supervisor that has had so many major problems in th‚Ä¶ https://t.co/IeMo62cvE8
2018-11-09 19:09:39,"@DNC , when you start stealing elections.....that WILL start a civil war. #MidtermElection2018 #FloridaVoterFraud #VoterFraud2018"
2018-11-09 18:52:42,Votes that are not in by a deadline should be precluded from the process by virtue of the rules of a VALID process‚Ä¶ https://t.co/QSbiFaZjd6
2018-11-09 18:23:07,Please repent. It‚Äôs so good for you and everyone around you. It‚Äôs so powerful. Everything else #FloridaRecount2018‚Ä¶ https://t.co/EaKWUmJgit
2018-11-09 18:22:36,@realDonaldTrump You are actually right about something. Our entire voting system is antiquated and embarrassing. I‚Ä¶ https://t.co/3eYopqSFwr
2018-11-09 18:22:22,"I'd Like to Translate #RickScott statements on the #FloridaRecount2018 ""I will not stand idly by while i watch all‚Ä¶ https://t.co/QLB85a4miO"
2018-11-09 18:13:58,I have an odd fetish. I like to stuff #ballots up my ass &amp; then have politicians attempt to pull out their parties‚Ä¶ https://t.co/XlLd5NN67i
2018-11-09 18:09:08,"I know the last thing 
the Republicans are saying is an election is being stolen 
#Gillum 
#MidtermElection2018"
2018-11-09 17:47:20,Hey I just found a box of ballots from Ohio from 2008. Turns out @MittRomney won the State. This is what Is happeni‚Ä¶ https://t.co/Df6ugF28qS
2018-11-09 17:41:04,@NBCNews Explain to #US how counting every vote in #MidtermElection2018 is a ‚Äúdisgrace‚Äù. @potus has no respect what‚Ä¶ https://t.co/qTahpRlzWB
2018-11-09 17:34:12,The bias @HoustonChron decides to retract 8 stories that probably influenced voters two days after the #MidtermElection2018 How convenient.
2018-11-09 17:27:00,@Amy_Siskind Without a doubt! Other states should be checked too. This vote flipping was happening in Texas! Ted Cr‚Ä¶ https://t.co/VVmcJSXyPL
2018-11-09 17:22:08,".@cavuto #Florida #Arizona why weren't these ""issues"" addressed BEFORE #MidtermElection2018 ????  I smell a DemocRAT"
2018-11-09 17:08:45,"It‚Äôs not an argument to say that the democrats lost the midterms, because well... they won. But in historical terms‚Ä¶ https://t.co/PS9OOM5IMW"
2018-11-09 16:56:36,"If Sinema and Nelson win their respective races it blows the GOP narrative that they're spinning they had a ""great""‚Ä¶ https://t.co/hRDDIp7kPj"
2018-11-09 16:27:51,"If you believe that all the votes shouldn‚Äôt be counted (including absentee ballots from our veterans, diplomats, se‚Ä¶ https://t.co/AYfvX1MDLu"
2018-11-09 16:25:00,FACT: Counting all the ballots isn‚Äôt changing the result of election‚Ä¶ That is the result of the election! #MidtermElection2018
2018-11-09 16:14:48,"@realDonaldTrump @BrianKempGA Count. Every. Vote.
#MidtermElection2018 
#Georgia 
#Florida 
#Arizona"
2018-11-09 16:13:18,"FACT: Absentee ballots Include the votes of our veterans, seniors, citizens abroad, and our diplomats. And these ci‚Ä¶ https://t.co/hK8JxgBGXI"
2018-11-09 16:09:57,FACT: Final results aren‚Äôt dictated by the EP or any other sources. The final results are dictated by the voters. I‚Ä¶ https://t.co/hkZPSPwaJ3
2018-11-09 16:07:36,#MidtermElection2018 In County of San Bernardino CA the #SheriffDept picks up paper ballots and they are air lifted‚Ä¶ https://t.co/i3nMyx1XFx
2018-11-09 15:53:21,@Ocasio2018 Maybe get a job waiting tables until January? Just a thought? #FridayMotivation #MidtermElection2018
2018-11-09 15:51:47,I hate vote tampering and voter suppression. Over half the country doesn‚Äôt even vote. So why are the ones who do vo‚Ä¶ https://t.co/3FgqgVTkIy
2018-11-09 15:32:32,@PeterAlexander He‚Äôs talking about how #BrianKemp of #Georgia and #RickScott of #Florida rigged the respective‚Ä¶ https://t.co/Byb2yljwN0
2018-11-09 14:34:36,"Trump: ‚ÄúI want to build a wall.‚Äù
Maxine Waters: ‚ÄúYou got wall money?‚Äù 

#Midterms2018 #AuntieMaxine #MidtermElection2018 #HouseDemocrats"
2018-11-09 14:29:35,I don‚Äôt really know why this needs to be said but counting votes after Election Day is not ‚Äòchanging‚Äô the vote coun‚Ä¶ https://t.co/y3Mqn3pNKF
2018-11-09 13:55:26,Why aren‚Äôt elected officials and those seeking election held to account with libel and slander law suits?‚Ä¶ https://t.co/qZMuKCI7lh
2018-11-09 13:50:31,"Should we be throwing stones about #democracy given our own ethics, particularly in the most recent‚Ä¶ https://t.co/OAef6RDp9b"
2018-11-09 13:48:49,Why is it that ballots found after elections always voting for Democrats?  #BrowardElectionFraud‚Ä¶ https://t.co/3r7qSuaYrb
2018-11-09 09:24:56,When you think all the noise of voting is going to stop after all the sticker selfies. But apparently all of Americ‚Ä¶ https://t.co/n0UMQ5xDc5
2018-11-09 06:51:27,"Complain complain complain! Do these politicians ever get anything done, or do they just spend tax dollars on inves‚Ä¶ https://t.co/4AiaRz6XGp"
2018-11-09 06:45:40,Rick Scott is such a worm. You lost. Give it up you whacko freak! #MidtermElection2018 #RickScott #rino #Impeach45 #2020BeBlue #saveusjesus
2018-11-09 06:38:49,I‚Äôm sorry but for as long as I can remember it‚Äôs taken years for results in Florida to come in. The faux surprise b‚Ä¶ https://t.co/8La5U2suKP
2018-11-09 06:29:47,If I decide to run for office I‚Äôm doing it as a democrat.  My skeletons won‚Äôt matter unless I run as a republican.‚Ä¶ https://t.co/Gc1WxQjlNY
2018-11-09 06:25:49,@FinancialReview @roweafr So much to like in this cartoon. Sessions being shot out of the cannon made me ü§£. Love yo‚Ä¶ https://t.co/Xx604ODJwy
2018-11-09 06:14:24,"In some of the states where midterm election results are being contested, it looks like the GOP is going to use the‚Ä¶ https://t.co/SYGiyx1u1h"
2018-11-09 05:53:34,"How come the @GOP never says ‚ÄúSlow your roll, lets count ALL the votes and make sure America has truly spoken‚Äù?   I‚Ä¶ https://t.co/7WqrpJPT5g"
2018-11-09 05:42:00,Bucks are looking $$$$. I wish we could have seen the Warriors at full strength though. #FearTheDeer #MKE #MidtermElection2018
2018-11-09 05:09:06,"Congratulations to @Ocasio2018 for her win! Way to go #Democrats

Keep pushing, keep fighting!

Down with #Trump sc‚Ä¶ https://t.co/pU63CevM1N"
2018-11-09 05:01:51,It‚Äôs clear there needs to be a runoff in each of the races in Florida and the race in Georgia. We the people need r‚Ä¶ https://t.co/svtp5EDTGz
2018-11-09 04:57:27,"To any of the pundits or talking heads that do not give us proper credit for this great Midterm Election, just reme‚Ä¶ https://t.co/zxfeLfJiLa"
2018-11-09 04:54:09,"Do you trust the integrity of election result ‚Äúrecounts‚Äù?

#Midterms2018 #MidtermElection2018 #Recounts‚Ä¶ https://t.co/LLdEKoepKA"
2018-11-09 04:46:20,@Lassiter2011 @realDonaldTrump @nowthisnews I think this idiot Donald hs no idea what‚Äôs going to come next. A‚Ä¶ https://t.co/KL79KIfdXY
2018-11-09 04:25:04,@Lavaman33YT @wyatt_0_j @CW_TheFlash Because of the #MidtermElection2018 :)
2018-11-09 04:23:33,#healthcare is one of the top issues with Americans as evidenced in recent #MidtermElection2018. @MSNBC and/or @cnn‚Ä¶ https://t.co/jAWND0IIWL
2018-11-09 04:12:28,@PhilipRucker It was only a clear and present danger to the mid term elections. Now back to our regularly scheduled‚Ä¶ https://t.co/nZgLKwRlam
2018-11-09 04:04:11,"What have our anti war supporters gone?
#TheResistance #MuellerInvestigation 
#MidtermElection2018 
#TuckerCarlsonAttack 
#Yemen #Syria"
2018-11-09 04:02:54,"Ok, this f-ing #MidtermElection2018 week has taken its toll on my mental faculties... I can't follow tweets today a‚Ä¶ https://t.co/IjdGkSzFpD"
2018-11-09 03:52:35,"@RepGarretGraves Congrats to #GarrettGraves in the #MidtermElection2018! Time now to roll up our sleeves, win back the House &amp; #MAGA!"
2018-11-09 03:52:26,What‚Äôs a #Democrat in 2018?  Someone who wants to watch the world burn. #MidtermElection2018 #antifa #IllegalImmigration
2018-11-09 03:36:03,"@Just_a_Texan Why is this being tolerated?  End this now ... McSally, DeSantis, Scott Won    #VoterFraud #MidtermElection2018"
2018-11-09 03:33:19,It‚Äôs amazing...just 2 days after the #MidtermElection2018 and ALL of a sudden there‚Äôs no mention of the #Caravan hmmmm...wonder why
2018-11-09 03:09:38,"what happen to the #CaravanInvasion ???

oh yeah no longer an issue since  #MidtermElection2018 is over"
2018-11-09 03:08:48,"Have to hand it to the coward-in-chief, his little shenanigans have thrown a bit of a wet paper towel on the midter‚Ä¶ https://t.co/mSKWyxfw15"
2018-11-09 03:01:19,"Hey Mr. @AndrewGillum you might wanna Un Concede now, wink wink, Nudge Nudge, say no more! #GillumForGovernor #MidtermElection2018 #FlaGov"
2018-11-09 03:00:52,"#ivoted not because I'm Egyptian üòÅ
My midterms are college tests 

#MidtermElection2018"
2018-11-09 02:47:12,Another #MassShooting just days after the #MidtermElection2018 . #BorderLineShooting is just another example of why‚Ä¶ https://t.co/6CK2ri4KZO
2018-11-09 02:46:27,These Florida Election recounts are embarrassing and pathetic and this is the Democrats trying to overturn the elec‚Ä¶ https://t.co/vYxHgtoKjI
2018-11-09 02:28:23,@MarthaMcSally you guys shouldn‚Äôt pussyfoot around and passively wait for things to happen. Get some bare knuckle c‚Ä¶ https://t.co/tYjpT5XPMP
2018-11-09 02:22:04,Forcing myself to stay off my regular feed and just read @TGIT tweets because #MidtermElection2018 shams are not go‚Ä¶ https://t.co/Y8nGzC1dWs
2018-11-09 02:19:44,Only 36.1 million people watched the #MidtermElection2018 on networks üëÄ Kim K has more IG followers than that...
2018-11-09 02:00:35,"Florida and Arizona election officials are definitely up to no good obviously we need Federal oversight on these ""f‚Ä¶ https://t.co/KiXXBzYsUm"
2018-11-09 01:55:18,Isn't it funny how Republicans aren't bitchin &amp; refuting #MidtermElection2018 results? Meanwhile in #demoBrat Land‚Ä¶ https://t.co/2yYzFQiiWL
2018-11-09 01:40:44,I think it's utter BS that MY voter absentee information is allowed to be published in the @georgiagov. That is rid‚Ä¶ https://t.co/iEt1kCE2dj
2018-11-09 01:37:08,Am I the only one who finds it highly suspicious that votes in #Arizona and in #FLORIDA keep showing up two days af‚Ä¶ https://t.co/syDbc4Y8GR
2018-11-09 01:36:18,Don't miss tonight's @BreitbartNews Tonight! Joining the show @AWRHawkins covering the latest news on‚Ä¶ https://t.co/tEyIgMXEr1
2018-11-09 01:35:50,@PressSec It must suck to be #republicans after that disastrous showing in #MidtermElection2018
2018-11-09 01:32:57,@marcorubio Don't let Russia tamper with our elections to affect the outcome. Only Democratic counters of late vote‚Ä¶ https://t.co/zsCinEsPKM
2018-11-09 01:29:19,"The first thought I had after I heard RBG was in the hospital with broken ribs was, Trump pushed her. Literally, th‚Ä¶ https://t.co/YhdMkIqWIf"
2018-11-09 01:14:32,"The election isn‚Äôt over, Arizona senate race now has democrat @kyrstensinema ahead by 2000 votes of @MarthaMcSally‚Ä¶ https://t.co/13Y2aWven5"
2018-11-09 00:57:58,I see Florida still hasn‚Äôt learned how to election. #MidtermElection2018
2018-11-09 00:50:16,"So #Democrats are trying to steal elections in AZ, FL and GA. What do the pundits who were so angry with Trump for‚Ä¶ https://t.co/ZIrE8f2ODQ"
2018-11-09 00:39:46,A convicted felon behind bars and a dead pimp were elected to office during the midterms. That wraps up the 2018 ti‚Ä¶ https://t.co/BXbc1y5cxE
2018-11-09 00:24:43,"Lets go, @kyrstensinema in Arizona!!! #MidtermElection2018"
2018-11-09 00:01:46,It's been 2 days since the #MidtermElection2018 and #michigan still sucks! #OaklandCounty is gonna be the new #WayneCounty
2018-11-08 23:51:36,Political parties stand for their political agendas not for the nation. It‚Äôs a sad and disheartening truth yet we c‚Ä¶ https://t.co/RnAnNeJldD
2018-11-08 23:47:46,The bullshit going on in Florida and Georgia is exactly why a lot of folks think voting is bullshit! Ridiculous! #MidtermElection2018
2018-11-08 23:10:03,"Florida heading for recounts. 
Be prepared for chads in all their diverse forms...#midterms, #MidtermElection2018 #vote #FloridaElection"
2018-11-08 23:08:19,@EricHolder @DemRedistrict Don't you find it strange that before the fake bombs went out house majority polled high‚Ä¶ https://t.co/AqaTu0IJPf
2018-11-08 23:07:55,"PSA:
Fox News has stopped covering the caravan! I guess it was only serious before people voted!

#MidtermElection2018"
2018-11-08 22:57:11,"Well can we just have all the votes recounted, plz? #MidtermElection2018"
2018-11-08 22:52:29,I was sorry to see @JohnJamesMI came up short in his senate race. I was proud to campaign with this brave young vet‚Ä¶ https://t.co/Ylc2tipqW6
2018-11-08 22:51:01,"#StaceyAbrams really is showing us the way. Don‚Äôt concede for shit until all votes are counted,especially when vote‚Ä¶ https://t.co/UJ3UvV6x59"
2018-11-08 22:48:17,"In conclusion, I want to say that us, as #Millennials, are genuinely trying and caring about politics. We still hav‚Ä¶ https://t.co/nTySK5EO8e"
2018-11-08 22:47:16,Women won. #MidtermElection2018 üëäüëèüëç
2018-11-08 22:07:24,@SteveKornacki In other words this a hot ass mess #FloridaRecount #MidtermElection2018
2018-11-08 21:40:41,"You‚Äôd think after a couple hundred years and 45 presidents, elections and voting would be simpler than it is. Long‚Ä¶ https://t.co/KnIW0lTYpK"
2018-11-08 21:28:11,"@MollyJongFast Yeah it sux here but while the #Russians focus on Mn, WI, PA in 2016, in  #MidtermElection2018 Russi‚Ä¶ https://t.co/D4yabYQQ7W"
2018-11-08 21:24:16,"Funny that mysterious county in Florida is in the news again, i wonder why ü§îü§¨, these ppl r stupid!!‚Ä¶ https://t.co/7c2VyjM4Ec"
2018-11-08 21:22:50,"If there's anything that I have learned from the left, its that Michigan Democrats are a bunch of racists.  #MidtermElection2018"
2018-11-08 21:20:48,"@NPR I ponder about her often, she was so brave! But, still in the end they used her testimony as ""A Prop"" Sen.Grah‚Ä¶ https://t.co/ORSiRoesyH"
2018-11-08 21:13:48,"Evil won‚Äôt win.
#MidtermElection2018"
2018-11-08 21:10:11,Just verified that my mail in ballot was counted. Thankfully it was #MidtermElection2018 #BringItHomeFlorida
2018-11-08 21:04:04,"Not only this, but, isn't it a bit worrying that the democrats don't have a candidate for 2020 elections and he now‚Ä¶ https://t.co/WLvTCVujst"
2018-11-08 21:02:35,"He now has support from the rest of the Republicans after proving the U.S population are still, after everything, w‚Ä¶ https://t.co/vvb90VP79V"
2018-11-08 20:49:57,I believe we need an explanation as to why it will almost take 2 days to get votes in. #Arizona #florida‚Ä¶ https://t.co/oItuuy1s1Q
2018-11-08 19:54:10,BREAKING NEWS: It currently looks like both the Florida‚Äôs Senate and Gubernatorial races will be going to a re-coun‚Ä¶ https://t.co/ApI9QY9UGN
2018-11-08 19:53:58,BREAKING NEWS: It currently looks like both the Florida‚Äôs Senate and Gubernatorial races will be going to a re-coun‚Ä¶ https://t.co/6gzOjSqk1I
2018-11-08 19:30:34,"‚ÄúWhen truth doesn‚Äôt matter, #Democracy can‚Äôt work.‚Äù - @BarackObama. #MidtermElection2018 #postelection"
2018-11-08 19:20:00,"The problem the #democrats face is they have used and abused the black vote in America for decades, now black suppo‚Ä¶ https://t.co/EQT1yZ7G8Q"
2018-11-08 19:15:43,Like #MidtermElection2018 results or not how about adding to Campaign Finance rules that 1% of PAC expenditures on‚Ä¶ https://t.co/4GjhnDIRcQ
2018-11-08 19:13:01,The citizens of #California voted to improve housing for chickens but not for low-income human beings. „ÄäReposting f‚Ä¶ https://t.co/cFHpKaTJbw
2018-11-08 19:01:29,Alexandria Ocasio-Cortez seems like the type of person that thinks she still has money in her bank account as long‚Ä¶ https://t.co/HmPYQ4lGb3
2018-11-08 18:49:15,Note to @twitter: The #MidtermElection2018 is over. You can un-shadowban us now. #tcot
2018-11-08 18:48:58,"I like that our Congress will reflect more of what America really is, diverse #Diversity #MidtermElection2018"
2018-11-08 18:44:55,The midterm results are a rejection of Trump and his mandate - a  21% swing in voting patterns in an economy where‚Ä¶ https://t.co/mfNXmD7Lua
2018-11-08 18:38:53,"#trump #Midterms2018 #Midterm2018 #MidtermElection2018 #MidtermElections2018 Oh, the irony! Looks like Trump's miso‚Ä¶ https://t.co/0zrgghrbxZ"
2018-11-08 18:14:18,Imagine if all the post-election analyses were written by people who were on the ground doing the work organizing &amp;‚Ä¶ https://t.co/B0UFWm22O7
2018-11-08 18:12:16,"Yesterday, the markets staged their biggest one-day advance post-midterm elections since 1982. 

$SPY #MidtermElection2018 #markets"
2018-11-08 18:05:29,"The victory by @lucymcbath feels a little sweeter in light of today's events.  Congratulations, ma'am.  #MidtermElection2018"
2018-11-08 17:54:15,"1st of all, I didn‚Äôt realize #StaceyAbrams hired Tina Fey‚Äôs sister to represent her legally. 2nd of all, did Stacey‚Ä¶ https://t.co/Su1MwMr5Um"
2018-11-08 17:52:30,"San Juan County Commission in SE Utah, Bears Ears country, is now majority Navajo and majority democratic! The diff‚Ä¶ https://t.co/B1DrsUPmp6"
2018-11-08 17:44:09,@VHBigSlickAAA1 @ExDemLatina @drinkslinga2 @flanagan_aj @TobyHusseyWA @marcorubio I don‚Äôt usually correct people‚Äôs‚Ä¶ https://t.co/VMwsgchKnP
2018-11-08 17:35:33,Wonder how many elections people really didn't win after all the votes were actually counted? Don't concede until t‚Ä¶ https://t.co/x9vgNHlfDR
2018-11-08 17:35:09,"I can't decide if our new Governor is the coach I always wanted or the Dad I always wanted. 
#mngov #Midterms2018‚Ä¶ https://t.co/7ssTtGtq2d"
2018-11-08 16:35:49,"Overall I‚Äôm satisfied with this #MidtermElection2018 

‚ò∫Ô∏è"
2018-11-08 16:35:23,Scott Walker @ScottWalker is an unashamed union basher who engaged in class war against the American working class‚Ä¶ https://t.co/Hkw9iX54FH
2018-11-08 16:29:08,"Can anyone point me to a source to see how Howard County voted in the governor race?
#MidtermElection2018  #governor @BenJealous"
2018-11-08 16:10:30,The majority of registered Hispanic voters identify with the Democratic Party over the Republican Party. 62% of His‚Ä¶ https://t.co/NKPWc1p1PS
2018-11-08 16:09:19,"And just like that, the coverage of the migrant caravan is basically nonexistent after the midterm election. The fe‚Ä¶ https://t.co/h43Idyu1l7"
2018-11-08 15:59:44,"@funder Nothing like waiting until after #midterms to finish your paper, dude. 

#Midterms2018 #Midterm2018‚Ä¶ https://t.co/0CCEXhtpRd"
2018-11-08 15:42:28,Question? Now that more votes are tallied in Florida &amp; @AndrewGillum is within .5% of @RonDeSantisFL does this offi‚Ä¶ https://t.co/xqVArpVeNl
2018-11-08 14:38:21,"@bkmclaughlin_ GOP edition:
1st woman elected IA Gov.
1st woman elected SD Gov.
1st Korean-American woman elected t‚Ä¶ https://t.co/lNv2Vca0PJ"
2018-11-08 14:38:08,"I don‚Äôt know who the 3 SCOTUS pick raped or molested. I just want to know, did that happen THIS era? #scotus #MidtermElection2018"
2018-11-08 14:35:21,People know so little about politics yet they insist on voting I did my civil duty and texted '55412' to vote in th‚Ä¶ https://t.co/fsD1UfmLax
2018-11-08 14:00:23,@sarumbear Can‚Äôt quite understand why BBC and other British media outlets showed so much interest in US‚Ä¶ https://t.co/XwFRL5W903
2018-11-08 13:52:08,Has #JimAcosta been arrested yet? #MidtermElection2018
2018-11-08 13:50:11,I‚Äôll join @IngrahamAngle Radio today at 11:30am ET with @Andrew_Langer to discuss #MidtermElection2018 and news of the day for #JDFIPolicy
2018-11-08 13:39:53,@realDonaldTrump has achieved a significant result in #MidtermElection2018 in that the total number of voters was o‚Ä¶ https://t.co/BwQeAVpDS4
2018-11-08 13:30:15,"So with everyone's attention on #MidtermElection2018 recovery....

Anyone noticing that North Korea is breaking off‚Ä¶ https://t.co/XPTWuUOoyi"
2018-11-08 13:01:56,@FoxNews pretty sad that #BrettBaier #BrittHume #Wallace all decided the election within 2 hours. How many votes ar‚Ä¶ https://t.co/St2AKKv5Jf
2018-11-08 13:00:40,Q: How‚Äôs that Putin plan of sowing discord in the USA going? A: Effin way beyond his wildest dreams.‚Ä¶ https://t.co/SvORG6G2jp
2018-11-08 13:00:05,"To be fair, @Acosta wasn‚Äôt at fault there. I just needed something else to deflect from my incompetence and losses‚Ä¶ https://t.co/TPnf3Bh4Io"
2018-11-08 12:16:44,How in the world does a president who thinks it‚Äôs okay to grab women ‚Äúby the pussy‚Äù revoke the credentials of a jou‚Ä¶ https://t.co/q3aGse8Uul
2018-11-08 11:49:58,Genuinely concerned that i can't find any update from @FoxNews on the #migrant #CaravanInvasion since the‚Ä¶ https://t.co/e1e9BEIAIV
2018-11-08 11:49:52,"#MidtermElection2018 over, life can return to normal: 13 dead in mass shooting in Thousand Oaks"
2018-11-08 11:14:55,To have such fearless voice is truly admirable specially in the era when journalists are crawling before the politi‚Ä¶ https://t.co/pn9SJ2WbZv
2018-11-08 11:13:43,"ODIHR on Midterms. The number of disenfranchised high. Social media mentioned, including in connection with negativ‚Ä¶ https://t.co/LbwOkUVe3H"
2018-11-08 10:59:32,"@usminority I can no longer add people, since the elections. #shadowbanned #elections #MidtermElection2018 #poorloosers"
2018-11-08 10:19:56,"Midterms is now over , but Political drama is far from over #MidtermElection2018"
2018-11-08 10:13:26,"Kinda funny how republicans are stating hey look, no riots because we lost the house... its never been over control‚Ä¶ https://t.co/deKly8qNif"
2018-11-08 09:41:54,"What strikes me the most in the wake of  #MidtermElection2018 is the misleading neutrality with which, on US as wel‚Ä¶ https://t.co/pHL3w26k6O"
2018-11-08 09:40:09,Hey guys the next thing #CNNFake news will do is put out a report today claiming that Jim Acosta is getting death t‚Ä¶ https://t.co/tjNQjSrfCs
2018-11-08 08:49:22,I can almost say that I'm proud to be American... #MidtermElection2018 #election2020
2018-11-08 08:33:11,"@staceyabrams 
#MidtermElection2018 
Accept defeat gracefully Stacey.
No one likes a bad loser üòÅ"
2018-11-08 08:28:11,@hughriminton Are there any toys left in the cot? #POTUS45 #sook #MidtermElection2018 @realDonaldTrump
2018-11-08 08:21:31,"Thanks to Trump, Acosta is a reporter that is well known across the country, even the world. I think he will be hir‚Ä¶ https://t.co/JW7DoAtKFf"
2018-11-08 08:20:38,"Interesting #MidtermElection2018 USA. LoL, poor guy (rich in reality)!!!"
2018-11-08 08:12:46,@VoiceofGrumpy @Freeyourmindkid To say the unused voting machines were put aside for a lawsuit is no good excuse fo‚Ä¶ https://t.co/gR8KqsCnrJ
2018-11-08 08:11:16,"Watching from Vienna and not caring a crap about either party, easy to come to the conclusion they are all nuts. Th‚Ä¶ https://t.co/f13YwfMaGr"
2018-11-08 08:08:57,"#MidtermElection2018 sets the record of women to win seats in the House! 
At least 92 women have won seats in the H‚Ä¶ https://t.co/d40xSLEBFu"
2018-11-08 07:53:03,"The pro-#Trump brothel owner Dennis Hof, was elected to Nevada‚Äôs state legislature #USMidtermElections‚Ä¶ https://t.co/zKdsJLnv8M"
2018-11-08 07:26:54,God bless America but this guy is a joke and the Republicans are far more jokers for electing this clown‚Ä¶ https://t.co/eUfMJQ0GKT
2018-11-08 07:04:58,"Pelosi as speaker= President Trumps 2nd Term and Republican control of Congress in 2020

You heard it here first fo‚Ä¶ https://t.co/Tvfrsirdg6"
2018-11-08 07:02:42,"All you leading ladies, you make me proud, and give me hope!Thinking of @BarackObama ‚Äòs acceptance speech 4 years a‚Ä¶ https://t.co/bL6NWq9k3i"
2018-11-08 06:55:44,@POTUS never seen a president so rattled before. Loving it. üòÇüòÇüòÇüòÇ #house #MidtermElection2018 #TrumpPresser
2018-11-08 06:54:04,@bsindia #MidtermsElections2018 #MidtermElection2018 #USmidterms trump's yet not scaling a war like obama did in‚Ä¶ https://t.co/SsXbpHrEcH
2018-11-08 06:48:43,"We need to really elevate &amp; THANK the organizations that supported, cultivated this next generation of DIVERSE elec‚Ä¶ https://t.co/si0rwqoYev"
2018-11-08 06:15:44,The Republic is strong and the right of suffrage is alive. Thank God for a successful midterm election #MidtermElection2018
2018-11-08 06:10:54,"Yo @VanJones68,

Last night, you hi fived that after the #MidtermElection2018 the democrat party is now ‚Äúyounger, b‚Ä¶ https://t.co/6A6YTOdkBl"
2018-11-08 06:01:04,Why and how would President Trump not allow Him Acosta to finish his question yet the platform was there for questi‚Ä¶ https://t.co/r0lg84R8pD
2018-11-08 05:59:03,"Forgot to say this yesterday. 

S/O to all the first time voters! Take pride in this occasion and never forget your‚Ä¶ https://t.co/iXaUzJQEU6"
2018-11-08 05:58:37,"When a woman or POC wins an election it‚Äôs always because ‚Äòpeople have had enough‚Äô. Never because, the general popul‚Ä¶ https://t.co/YGqBPuL0o8"
2018-11-08 05:52:48,Let‚Äôs show out how we did yesterday and vote for MIKE ESPY on the 27th it November ! Your vote matters . #MikeEpsy #MidtermElection2018 üó≥
2018-11-08 05:51:28,"I love Alleghany, but the academic setting I‚Äôm in now encourages one to be outspoken only if they have ample eviden‚Ä¶ https://t.co/WWw7IHy3wE"
2018-11-08 05:38:20,"Soo, with recounts happening in Florida, can there be a recount in the Texas senate race? I don‚Äôt know...just a tho‚Ä¶ https://t.co/f4Q7ksg1hg"
2018-11-08 05:27:37,The Democratic Party has reduced in numbers since 2016 among registered Latino voters. The number of registered Lat‚Ä¶ https://t.co/EWKHljwMRX
2018-11-08 05:27:32,I hope it is not too late to say this but it is awesome to see so many women get elected at the‚Ä¶ https://t.co/Kpyt3Z0UaY
2018-11-08 05:27:06,Embrace the divide.  That way they can still blame us for everything.  And we can also blame them ü§£ü§£ü§£ #Midterm2018‚Ä¶ https://t.co/1tBycnRoHL
2018-11-08 05:19:13,"This is an apology tweet for my loving boyfriend who gets notifications every time I tweet, love you honeyüíìyou a re‚Ä¶ https://t.co/APm9RzezDb"
2018-11-08 05:18:07,The state of Georgia has a new governor! Brian Kemp!! Stacey Abrams doesn‚Äôt want to address this.....she knows it a‚Ä¶ https://t.co/Vzb7lCnkIy
2018-11-08 05:08:00,"@MSNBC @rachaelmeadows : #MidtermElection2018 : Some guys are tired of winning and when the win, they danxe on your‚Ä¶ https://t.co/8b5oEWWFi8"
2018-11-08 05:04:01,@ananavarro I can‚Äôt wait to see you on @TheView on Friday!!! I need to hear your opinions on the #MidtermElection2018 üôåüèæüôåüèæüôåüèæüôåüèæ
2018-11-08 04:56:54,@Anna_V_E is not a story of a young woman or daughter of an immigrant but a story that is beyond words. Maybe there‚Ä¶ https://t.co/2jzwqMZO14
2018-11-08 04:56:24,What does it mean to the election if women lack representation in these ‚Äúcompetitive‚Äù seats? Why aren‚Äôt they being‚Ä¶ https://t.co/fTamo8u5IQ
2018-11-08 04:55:06,@Freeyourmindkid @Gabbiedrice78K Holy Crap! ü§¨ üó≥ #MidtermElection2018
2018-11-08 04:54:51,@LauraLoomer I'm not crying. Republicans won more races in last night's #MidtermElection2018 . That's #Winning by m‚Ä¶ https://t.co/sTDRuCkVbk
2018-11-08 04:53:18,"A thought our politicians seem to have forgotten: 

There is a lot more that unites Americans than divides them.‚Ä¶ https://t.co/hCEFx3Hkon"
2018-11-08 04:47:48,#Election2018 kinda felt like a @GameOfThrones season finale: some awesome things happened; some terrible things ha‚Ä¶ https://t.co/Nq8XOmBL5L
2018-11-08 04:18:01,We got a great show just taped for Friday! We talk about #MidtermElection2018 #TrumpPressConference #Sessionsfired‚Ä¶ https://t.co/EdlImAolZ3
2018-11-08 04:12:13,Please don‚Äôt have @NancyPelosi  be speaker. It‚Äôs time for a change you desperately need. No offence but you should‚Ä¶ https://t.co/iIDP0pJoSH
2018-11-08 04:10:48,"#MidtermElection2018 
Trump built a red wall in the Senate."
2018-11-08 04:10:48,"#MidtermElection2018 
There was no blue wave."
2018-11-08 04:07:33,@Ocasio2018 is going to be the next speaker of the house. A political genius and a revolutionary thinker. @gop had‚Ä¶ https://t.co/7G7SCnoWlx
2018-11-08 04:05:38,@MrJeromeTrammel Yep. Voter Suppression! Smh. #TeamAbrams #resist #MidtermElection2018
2018-11-08 04:05:17,Am I the only one who‚Äôs reaction to everyone say ‚ÄúYay 100 women elected to Congress‚Äù is to pause and ask ‚Äúyea but c‚Ä¶ https://t.co/iQleIENq5f
2018-11-08 03:58:33,"There is a relief for IT companies like TCS, Infosys, Wipro after the #MidtermElection2018 of USA."
2018-11-08 03:47:47,@rollcall Clarification: these results confirm the deep divide in the choices offered voters - not necessarily in t‚Ä¶ https://t.co/bqGGkSkTk5
2018-11-08 03:46:31,‚ÄúI pledge allegiance.. to the flag... of the separated states of America..‚Äù ü§¶üèª‚Äç‚ôÇÔ∏èü§¶üèª‚Äç‚ôÇÔ∏èü§¶üèª‚Äç‚ôÇÔ∏èü§¶üèª‚Äç‚ôÇÔ∏è üò´üò´ #MidtermElection2018
2018-11-08 03:31:42,100% @KamWestcott voted for #TedCruz #RHOD #MidtermElection2018
2018-11-08 03:29:41,"Congratulations to all the newly elected officials in the United States, and the increasing base of women candidate‚Ä¶ https://t.co/D27QPSjGnE"
2018-11-08 03:26:57,@Freeyourmindkid Georgia #MidtermElection2018 should be void
2018-11-08 03:26:15,"Love has no room for hate &amp; our human rights are at stake, VOTE! -Claribel Torres #MidtermElection2018"
2018-11-08 03:25:42,After the US #MidtermElection2018 it‚Äôs comforting sometimes when you‚Äôre in the company of people who believe in climate change #ablc2018
2018-11-08 03:24:14,Last night's #MidtermElection2018 elections is a reminder of how stupid we Americans get with politics. It truly br‚Ä¶ https://t.co/CpBEBRHv1S
2018-11-08 03:20:17,Writing a paper on the midterms and having to write it as if the election hasn‚Äôt happened yet. This is not going we‚Ä¶ https://t.co/CirbZb6ONG
2018-11-08 03:19:36,"Things @Acosta has tonight.
1. A giant ego 
2. A giant ego
3. A press pas...oh wait he doesn‚Äôt have that one. üòÇüòÇ‚Ä¶ https://t.co/OXBdM2KAVB"
2018-11-08 03:19:29,@PhilipRucker @Acosta @PeterAlexander @AprilDRyan The anger shown today by @POTUS at the press conference is not th‚Ä¶ https://t.co/vOooeQc2rO
2018-11-08 03:17:02,"It's truly sad when in 2018, my NC District 9 will be represented by a person who finds women inferior and defines‚Ä¶ https://t.co/sPKP8buVQq"
2018-11-08 03:14:54,Look at that! Xochitl Torres Small in New Mexico did NOT concede and insisted on waiting for absentee ballots to be‚Ä¶ https://t.co/39AI8dvMVI
2018-11-08 03:10:51,"Now that the refugee caravan is no longer a thing to the White House and mainstream media, I hope the military has‚Ä¶ https://t.co/rR3dXWSx8X"
2018-11-08 03:10:00,"#MeToo for White Women also means ‚ÄúYou voted for White Supremacist patriarchy over solidarity with all women?  Yea,‚Ä¶ https://t.co/mEKFqwqs80"
2018-11-08 03:09:48,Why can‚Äôt Florida just get their shit together when it comes to voting?! They are the problem child of America. üôÑ‚Ä¶ https://t.co/13PXtiAego
2018-11-08 03:04:44,.@ChrisCuomo no reason to allow @Sccaramucci to assert that #Florida is getting redder. #Amendment4 is perhaps the‚Ä¶ https://t.co/KFvZ2zk7aE
2018-11-08 02:59:50,The #BlueWave didnt happen here in #Georgia. @BrianKempGA won and our rights are secure #MidtermElection2018 #Midterms2018
2018-11-08 02:54:41,I want to thank my gf and fellow American for voting me Mayor of Pound Town for yet another term. #MidtermElection2018
2018-11-08 02:51:58,"@VP @POTUS Mike, you said the GOP would hold the House. At that time I bet you $1 million that you were wrong. Plea‚Ä¶ https://t.co/NvSa7KezKk"
2018-11-08 02:49:01,@JohnJamesMI Michigan is a shit hole dem pot they don‚Äôt deserve you or the people that voted for you. Bring yalls a‚Ä¶ https://t.co/wX2MeJnIjK
2018-11-08 02:45:34,"Are y'all happy with the out come of the mid terms?
#Midterm2018 #Democrats #Republicans #MidtermElection2018 #Midterms2018 #vote"
2018-11-08 02:43:21,"Eeek, BC! As of today, 1.4% of us have mailed in a #ProRep ballot. üì¨ I‚Äôll bet a bunch of U.S voters would jump at t‚Ä¶ https://t.co/aCg7AwEAsD"
2018-11-08 02:39:26,"Did anyone really think we'd get even a moment to relax and ease up after the #MidtermElection2018

This fucking un‚Ä¶ https://t.co/VRIUPZmHey"
2018-11-08 02:38:56,Potus is drunk with power and threatened by the democratic wins. #potus #Unhinged #combative #petulant #ToddlerInChief #MidtermElection2018
2018-11-08 02:24:34,"So, did daylight savings get voted out in CA?

#MidtermElection2018 #DaylightSavings #DaylightSavingTime"
2018-11-08 02:20:14,What a remarkable outcome of #MidtermElection2018: 111 elected women; 2 Native American women; 2 Muslim women and t‚Ä¶ https://t.co/V4aXU1qrQV
2018-11-08 02:19:20,Harley Rouda now has a two percent lead over Dana Rohrabacher. #MidtermElection2018
2018-11-08 02:18:21,"Proud of everyone that made their voices heard! And if you didn‚Äôt vote in this election, make sure to register sinc‚Ä¶ https://t.co/4RWD7JSozx"
2018-11-08 02:17:43,Remember when people were putting RIP Harambe just 2 years ago???? #MidtermElections2018 #Midterm2018 #Midterm‚Ä¶ https://t.co/Vi3hkEL3bE
2018-11-08 02:13:56,@AndrewGillum is BACK IN! #FloridaElection #MidtermElection2018 #ElectionResults
2018-11-08 02:08:20,Lol. @maddow starting tonight‚Äôs show by listing - and heavily expounding upon - every Trump-endorsed candidate that‚Ä¶ https://t.co/pqcgYjOql2
2018-11-08 02:06:25,When I heard Colorado elects the nation first gay governor I surely thought John Elway won #broncos @Broncos‚Ä¶ https://t.co/MB6aKOPI6K
2018-11-08 02:04:15,"@Acosta kept asking the right questions.

#Trump took away his access bc he's a coward.

Look at Donald's actions r‚Ä¶ https://t.co/hHC0gFrb0R"
2018-11-08 01:56:03,So glad Orange County finally came to its senses and decided to ditch that homophobic conservative dinosaur.‚Ä¶ https://t.co/kk4QynMCXc
2018-11-08 01:50:12,"Isn‚Äôt it ironic that Mueller‚Äôs investigation on Trump, Putin, Russia, collusion seem to last longer than Hillary‚Äôs‚Ä¶ https://t.co/9TaPSsQQB9"
2018-11-08 01:38:06,"Just one day after the #MidtermElection2018 
- #JimAccosta is accused of assaulting a member of Trump‚Äôs team during‚Ä¶ https://t.co/SfiwZyvzhl"
2018-11-08 01:26:27,"Idris Elba was selected Sexiest Man Alive, but nothing is sexier than Jim Acosta defying Trump.

That, my friends,‚Ä¶ https://t.co/bmtZuDjiKd"
2018-11-08 01:25:45,I just saw a tweet of someone saying they would trip an old lady with cancer that voted for trump and it disgusted‚Ä¶ https://t.co/IWkNfW75vr
2018-11-08 01:22:43,Anyone else see those conservative out today protesting the election results? It was crazy ... so many of them thro‚Ä¶ https://t.co/qyvWa8Ph8c
2018-11-08 01:22:38,Let us not forget to walk and chew gum at the same time #MidtermElection2018 #JeffSessionsFired #JimAcosta all impo‚Ä¶ https://t.co/yzSJrnn1HT
2018-11-08 01:15:05,@Tony4WI CONGRATS ON THE WIN! I voted early &amp; voted for you! Make us proud! #Midterm2018 #Midterms‚Ä¶ https://t.co/zfrIkRzddQ
2018-11-08 01:14:04,Acosta might‚Äôve been lacking sleep maybe he needs a second chance #MidtermElection2018
2018-11-08 01:12:55,"*licks finger, tests the breeze*

Nope, no wind of that migrant caravan today. Funny how that works #gop #trump‚Ä¶ https://t.co/f0vExiVV0N"
2018-11-08 01:10:02,Might be the three slices of @MellowMushroom pizza talkin‚Äô...but I think we‚Äôre all gonna be ok #MidtermElection2018‚Ä¶ https://t.co/niIAKBLTWq
2018-11-08 01:09:17,Some people are feeling a little blue today. Just wait till 2020. Like a bright blue sky. #MidtermElection2018
2018-11-08 01:07:36,@HorsesRLove22 @janetpeiser @mitchellvii I refused to listen to any of @FoxNews #MidtermElection2018 #coverage.‚Ä¶ https://t.co/HAEnvVjtWd
2018-11-08 01:06:53,While I appreciate the work that #NancyPelosi has done over the years it‚Äôs time for a new Speaker #MidtermElection2018
2018-11-08 01:06:33,Congratulations¬† to my American friends for voting for so many women including 2 Muslim and one native American.‚Ä¶ https://t.co/2xnTd3eKbB
2018-11-08 01:03:15,"The Orange County Registrar of Voters just updated the vote tallies.

@HarleyRouda now has a lead of over 3000 vote‚Ä¶ https://t.co/t0wxwlK0VC"
2018-11-08 00:56:08,Alright I am extremely grateful for all of the hard work by the candidates and their teams/volunteers. Women have t‚Ä¶ https://t.co/Y5FSlsiYii
2018-11-08 00:54:06,.@staceyabrams &amp; @AndrewGillum ‚Äî Please FIGHT for every last vote. Every. Single. Vote.  #MidtermElection2018
2018-11-08 00:53:58,Can‚Äôt @realDonaldTrump give us even one freaking day off after the #MidtermElection2018 from the emotional and lite‚Ä¶ https://t.co/fcHB3VRdaZ
2018-11-08 00:49:22,"IF the Democrats hold states won in 2016 (inc Nevada, Colorado, Minnesota) then could win Presidency in 2020 by fli‚Ä¶ https://t.co/GjUuZRDcdu"
2018-11-08 00:46:48,"""Shaka, when the #House fell. Ryan and Walker at Wisconsin."" #MidtermElection2018 #StarTrekTNG"
2018-11-08 00:45:24,@SenSchumer time to step aside bud! #MidtermElection2018
2018-11-08 00:41:00,Insights from last night's #MidtermElection2018 made me understand #PoliticalScience a lot more... thank you very much news network's.
2018-11-08 00:40:06,"In a shocking twist, Floridians have voted out @pitbull as Mr. Worldwide. The rapper will now revert to his previou‚Ä¶ https://t.co/C96OmP790h"
2018-11-08 00:32:55,"@HillaryClinton What YOU build, Hillary!  Thank you for your steadfast leadership, love for our democracy and inspi‚Ä¶ https://t.co/CzeeNa33X2"
2018-11-08 00:32:21,Help! This #Canadian doesn‚Äôt understand how #Democrats took then House but lost Senate seats #MidtermElection2018
2018-11-08 00:27:50,"@jimmy_dore Hard to lose sleep over democratic/republican wins/losses
But I did get a smile in my face when I heard‚Ä¶ https://t.co/jUGaHwvVzY"
2018-11-08 00:22:45,"No one enjoys losing, but you accept it and move on. For some reasons libs cannot understand that concept‚Ä¶ https://t.co/X3Z4Antp6o"
2018-11-08 00:22:15,Beto drops the f-bomb in his election night speech to prove he's relatable and totally chill and has def tried pot‚Ä¶ https://t.co/zX5SeQxrL0
2018-11-08 00:13:13,Council wraps up short mtg thanking all the candidates who ran in yesterday's #MidtermElection2018 and all those wh‚Ä¶ https://t.co/XBUPn8TKvQ
2018-11-08 00:09:17,"@remysmidt Sadly,#MidtermElection2018 was just the first battle in a long war.  What will be great is to see these‚Ä¶ https://t.co/Qy6YEYxTTb"
2018-11-08 00:09:16,Voter turnout for Oklahoma gubernatorial race highest in 30 years.  #MidtermElection2018
2018-11-08 00:05:36,I‚Äôm starting to see why Hillary liked Stacey Abrams so much...they both don‚Äôt know how to lose gracefully. #MidtermElection2018
2018-11-08 00:03:18,I guess all that fake news reporting that Jeff Sessions was gonna be fired after the midterms wasn‚Äôt so fake aftera‚Ä¶ https://t.co/drEabXgG7A
2018-11-07 23:55:29,The most critical and noteworthy part of the #MidtermElection2018 was the number of successful campaigns won by‚Ä¶ https://t.co/n4iKK5ZnLx
2018-11-07 23:42:13,"@staceyabrams is like an asshole little toddler who refuses to go to bed... like give it up, go home, go to bed ple‚Ä¶ https://t.co/5HQa1ZKrsp"
2018-11-07 23:31:48,"""#1 RATED SHOW, @SeanHannity on @FoxNews at 9 PM EST TONIGHT! The GREAT-ONE, @marklevinshow will be LIVE!!""

""GET T‚Ä¶ https://t.co/fd46nFRnSL"
2018-11-07 23:28:04,"In the face of the polarisation, it‚Äôs at least a positive outcome that the Democratic Party have re-obtained half o‚Ä¶ https://t.co/9LC71LLX6A"
2018-11-07 23:27:00,"I hope everyone had nice and peaceful midterms last night. Now the midterms are over, let‚Äôs get back to that we lov‚Ä¶ https://t.co/fctsiHbNWU"
2018-11-07 23:23:32,"Best things about day after #MidtermElection2018:

1) Dems took back US House;
2) Dems took back MN House;
3) MN &amp;‚Ä¶ https://t.co/2vqqc7W8t6"
2018-11-07 23:23:21,That moment when you‚Äôre on hour 10 on campus and you‚Äôve realized that you‚Äôve sustained yourself entirely today on s‚Ä¶ https://t.co/QwwDf0TsfL
2018-11-07 23:22:02,Raise your hand if you are so happy that the #MidtermElection2018 is over!!!!
2018-11-07 23:21:37,Yes I did vote and proud I did with the amount of historical wins there were #MidtermElection2018
2018-11-07 23:16:33,"How can any straight, white guy vote for a Democrat?  Why would you want to vote for a party who openly holds you i‚Ä¶ https://t.co/qgb90Tk8ZL"
2018-11-07 23:15:35,"Oh wait, is there really a chance for a run-off election in Georgia? Really hoping for one, although I really do no‚Ä¶ https://t.co/1BtV6vy108"
2018-11-07 23:14:28,"Hey everyone, the sun still rose today. Actually great day @sterlingadvice. #MidtermElection2018"
2018-11-07 23:13:54,"People are killing me with their ‚Äúif you voted for ________, we‚Äôre no longer friends‚Äù bullshit. Who is dividing the‚Ä¶ https://t.co/JDnaGfX3BV"
2018-11-07 23:11:26,I voted. I get to feel disrespected by the results. #MidtermElection2018 #midterms2018 #ivoted #BETOFORTEXAS
2018-11-07 23:07:44,The House is more representative of the US population. The Senate (2 reps per State) is more representative of the‚Ä¶ https://t.co/fGtJ6gLDqS
2018-11-07 23:07:01,New Democratic officers are talking about bi-partisanship and working with their colleagues- the president is busy‚Ä¶ https://t.co/G7bgBZvr0q
2018-11-07 23:01:56,A little good news in Florida. Voters choose to end greyhound racing. Hope all those sweet dogs find great homes &amp;‚Ä¶ https://t.co/wimaqmsDkr
2018-11-07 23:01:25,"One solid lesson from the US #MidtermElection2018 is that their democracy is in poor shape, with all that voter sup‚Ä¶ https://t.co/0aDWgy8XV8"
2018-11-07 23:00:53,Gerrymandering royally screwed #Ohio. Imagine if NY took a portion of one of the the Manhattan districts and joined‚Ä¶ https://t.co/HUWoKmmjBD
2018-11-07 22:57:31,@womensmarch Vote the same because we share the same genitals or skin color? We can‚Äôt think for ourselves &amp; make ou‚Ä¶ https://t.co/qEq48QGpnz
2018-11-07 22:57:28,Are you surprised by the results of the midterms? #Midterms2018 #Trump #MidtermElection #MidtermElection2018 #ElectionResults2018
2018-11-07 22:56:34,"UPDATE: 227,000 early ballots and 195,000 late early and provisional ballots still need to be processed.‚Ä¶ https://t.co/kS1G9OsulQ"
2018-11-07 22:51:43,"Muslims in the congress mean that american white people are tolerant, kind and peaceful, wish muslim people learn f‚Ä¶ https://t.co/8Mg2NOi7QQ"
2018-11-07 22:48:20,"A better day for #America than two years ago! 
#Midterms2018 #ElectionNight2018  #MidtermElection2018"
2018-11-07 22:41:46,I think this just proves New York needs to break away and form its own country #MidtermElection2018
2018-11-07 22:41:36,"Even @realDonaldTrump's hair is moving to the left! 

#MidtermElection2018 #midterm18 #BlueWave2018"
2018-11-07 22:40:50,@CoryBooker @HeidiHeitkamp Right. Supporting a public lynching in 2018 &amp; not apologizing for it is so honorable.‚Ä¶ https://t.co/dllCOskMDt
2018-11-07 22:37:32,I have the perfect @JohnMayer song after the midterms: ‚ÄòWhy Georgia‚Äô üéº #MidtermElection2018 #Midterm2018 #StaceyAbrams4GAgov
2018-11-07 22:37:13,Tonight‚Äôs social media feed has mostly been a combination of #kbeauty sheet mask reviews &amp; becoming obsessed with t‚Ä¶ https://t.co/wKnaUo5hCn
2018-11-07 22:37:12,"Who should be the minority leader in The House?

#GOP #Republicans #HouseRepublicans #HouseOfRepresentatives‚Ä¶ https://t.co/2M8m8aYh3J"
2018-11-07 22:34:23,"Trump fired Sessions to distract the attention from his party‚Äôs losses last night, don‚Äôt fall for that #JeffSessions #MidtermElection2018"
2018-11-07 22:33:21,"Minnesota‚Äôs 1st district was decided by 1,312 ballots. Your vote matters. #Midterms2018 #MidtermElection2018 #Minnesota"
2018-11-07 22:30:08,"@PrisonPlanet @RougeOperator1 Hey, red.  PA went almost totally blue.  You‚Äôre going to have to get your crayons out‚Ä¶ https://t.co/8Cevnw0tCR"
2018-11-07 22:27:11,"New York‚Äôs 22nd district was decided by 1,422 ballots. Your vote matters.
#Midterm2018 #MidtermElection2018 #NewYork"
2018-11-07 22:25:00,"In less heavy #ElectionResults2018 news, congratulations to the State of Georgia on being able to drink mimosas at‚Ä¶ https://t.co/ejWae7k6WX"
2018-11-07 22:24:27,@catturd2 @michaelbeatty3 Interesting! I know some people who live half their time in California and half their tim‚Ä¶ https://t.co/UNxXsnR96w
2018-11-07 22:22:44,"1) #Liberals &amp; #Conservatives, here‚Äôs some perspective on the just concluded #MidtermElection2018. During Pres.‚Ä¶ https://t.co/mLwRfGTRjf"
2018-11-07 22:22:44,4) In #MidtermElection2018 Pres. #Trump lost the #HouseofReps to #Democrats by 34 seats; #Republicans held Senate‚Äîp‚Ä¶ https://t.co/QMdSbvQVdE
2018-11-07 22:22:44,@VotePinellas I‚Äôm curious why my midterm mail in ballot was not tabulated. It shows on your office website it was r‚Ä¶ https://t.co/7QVAIkMbmj
2018-11-07 22:15:22,BREAKING: @NAACP go to the courts for extension &amp; possible criminal cases over alleged #MIDTERMS voter suppression‚Ä¶ https://t.co/W72iJvcuGn
2018-11-07 22:12:01,"How women voted in #MidtermElection2018 White, college-educated women in particular swung heavily left in 2018, wit‚Ä¶ https://t.co/ZYXwzAKyYC"
2018-11-07 22:08:46,"Now that we‚Äôve finished the most crucial election of our times, we can look forward to the next one, which will als‚Ä¶ https://t.co/UGaSJHuqdU"
2018-11-07 22:06:57,Looks like #Trump was seriously rattled by #CNN questions during #MidtermElection2018 press conference. He‚Äôs runnin‚Ä¶ https://t.co/TPLK1bbelQ
2018-11-07 21:53:08,"I‚Äôm not #American. But I‚Äôm glad to see this country are moving to be great again according to the #youngest woman,‚Ä¶ https://t.co/2TmdD8KuTb"
2018-11-07 21:49:47,"Ugh. I seriously think I can‚Äôt be friends with some people anymore. 

How can you be a person of color and/or LGBTQ‚Ä¶ https://t.co/WQN0jCCFQX"
2018-11-07 21:42:04,"@johnauthers If we were all collectively still worried about other things, would the VIX have fallen as precipitous‚Ä¶ https://t.co/rc6yRLdFUH"
2018-11-07 21:40:07,"Some voter turnout #‚Äôs, courtesy of @wpcspectrumnews: 3.7 million ballots cast (52%). One of, if not THE, highest w‚Ä¶ https://t.co/2QHLXqDkJC"
2018-11-07 21:36:36,@benshapiro ...Yeah and did you see all those Republicans riot in the streets after the House didn‚Äôt go their way.‚Ä¶ https://t.co/BDfb6KDeSR
2018-11-07 21:36:35,Who gained from the #MidtermElection2018 ????
2018-11-07 21:32:21,@bladingfortruth @SteamtownStunna @djstames Can‚Äôt wait to hear your thoughts on this dump we call #connecticut‚Ä¶ https://t.co/SRf23FNFfg
2018-11-07 21:30:19,Why is no media outlet talking about Voter surpression in Georgia? It should be on every front page. Screw Jeff Ses‚Ä¶ https://t.co/gr0Oe6Ex2B
2018-11-07 21:29:11,(4) The challenge is can the forces on the left cohere and organise a coherent and compelling alternative vision (w‚Ä¶ https://t.co/KW27n8n5nE
2018-11-07 21:27:51,@CNN #ObstructionOfJustice #Trump is exhibit one! #LetTheTrialBegin #SessionsFired now because #MidtermElection2018‚Ä¶ https://t.co/KLNlTvX2cv
2018-11-07 21:22:11,"@jaketapper. Two piece suit, $2000.  Haircut, $500.  Getting owned by POTUS during press conference. PRICELESS!‚Ä¶ https://t.co/jFE6j2IIiU"
2018-11-07 21:18:58,"Looks like the trump administration is spiraling out of control. But hey, what tremendous wins for the GOP, amirite‚Ä¶ https://t.co/TiYHgvpJWl"
2018-11-07 21:14:52,"Looking forward after the #MidtermElection2018 &amp; despite some disappointment, I remain proud of what has been accom‚Ä¶ https://t.co/XNXqIh4quP"
2018-11-07 21:09:54,Awesome job to this country for standing up &amp; making your voice be heard! 2020 race starts now. We can make a diffe‚Ä¶ https://t.co/ga55SIG8Xe
2018-11-07 21:08:43,4th Quarter y‚Äôall.  #SessionsFired #MidtermElection2018
2018-11-07 21:08:41,"I just realized that a lot of people know nothing about politics. Literally, nothing. 0%. #MidtermElection2018 #Midterms2018"
2018-11-07 21:08:35,@NancyPelosi @realDonaldTrump #Mueller must have this obvious and expected #SessionsFired scenario covered! Clear‚Ä¶ https://t.co/atIByR93Lg
2018-11-07 21:06:41,@nprpolitics This SMELLS! #Mueller must have this #SessionsFired scenario covered! Clear this #fakePOTUS spoke duri‚Ä¶ https://t.co/lqKOm6OcEu
2018-11-07 21:05:52,@HardballChris @hardball This SMELLS! #Mueller must have this #SessionsFired scenario covered! Clear this‚Ä¶ https://t.co/1u4XpUAxox
2018-11-07 21:04:39,@CNNPR @windpharm @realDonaldTrump Just reading thru all mad Trump supporters remarks - seriously America you‚Äôre in‚Ä¶ https://t.co/MjQcKGtMIU
2018-11-07 21:03:27,"For the first time in my life I found myself wishing Ohio was  more like Kansas.

#MidtermElection2018 #ElectionResults2018"
2018-11-07 21:02:01,"Heck, even Democrat Joe Manchin benefitted from #TrumpEffect 

#TrumpsArmy #MidtermElection2018 #SenateControl"
2018-11-07 20:59:48,Am I the only one who thinks @BetoORourke should call for a recount? #MidtermElection2018 #TexasSenate #Beto2020
2018-11-07 20:58:59,Let‚Äôs just throw a constitutional crisis on top of the #MidtermElection2018  When will you #MAGA morons wake up? Th‚Ä¶ https://t.co/qpxWAai83Q
2018-11-07 20:58:47,"Tonight some politicians will win &amp; some will lose, but when the sun comes up, all your problems will still be ther‚Ä¶ https://t.co/tTdl3t4mQO"
2018-11-07 20:57:08,"#MidtermElection2018 

Pros: voting, change, all that good stuff

Cons: the unnecessary political conversations at work the next day"
2018-11-07 20:56:47,Great job America with balancing the Congress. Democracy can only work with the appropriate checks and balances. #MidtermElection2018
2018-11-07 20:56:02,"Just spit balling...
- Remove the straight ballot option
- Remove party names from candidate names
#MidtermElection2018"
2018-11-07 20:53:33,"The REAL message of the left for all future elections:

If you have darker skin tones you will believe in better ec‚Ä¶ https://t.co/w0FeU5MYGd"
2018-11-07 20:48:12,"Really starting to regret opening news/Twitter this morning, all the positives from #MidtermElection2018 seem like‚Ä¶ https://t.co/wW7E5ACGmx"
2018-11-07 20:43:57,"Newflash: #Democrats still took control of the House last night, regardless. #MidtermElection2018"
2018-11-07 20:40:52,"Anyone who thinks that because the Dems didn‚Äôt take both the House and Senate, Trump won‚Äôt be heald accountable, be‚Ä¶ https://t.co/4sYLSE3mFw"
2018-11-07 20:39:31,@smh Decline and Fall of the USA Empire....and while some reining in of this corrupt reign occurred it is abhorrent‚Ä¶ https://t.co/kmrx3UNth3
2018-11-07 20:39:17,#Diwali is here! Mahurat is @ 6;00 pm to 8;00 pm. Better get started for #Diwali ! Also #MidtermElection2018 is ove‚Ä¶ https://t.co/8i1JmZEhCn
2018-11-07 20:35:26,@JohnCornyn #MidtermElection2018 prove the Republicans have stolen our constitutional rights + gerrymandered away o‚Ä¶ https://t.co/8E1do8h0dN
2018-11-07 20:33:40,"within city limits.  However, the votes were very close, which means don't stop because the midterms are over, be a‚Ä¶ https://t.co/RIG0c1iQXI"
2018-11-07 20:33:14,"Woah wait... hang on! #MidtermElection2018?

Are we only now halfway through with this moron?!"
2018-11-07 20:32:31,"In the USA both sides claims victory. 
But it is unclear to me whether the ""friends-of-Israel"" 
or ""Israel ¬¥s frien‚Ä¶ https://t.co/Tj7zKzedI6"
2018-11-07 20:31:10,The future is female. The future is LGBTQ. The future is now.  #MidtermElection2018
2018-11-07 20:29:47,"Post mid-terms life:

Me: Stuck on a slow moving line at Target

My inner voice: if your in line stay in line! 

#MidtermElection2018"
2018-11-07 20:29:43,"people should live in this country. Like the Trumps, Blackburn‚Äôs, and Steve Kings of the world, then no, I don‚Äôt wa‚Ä¶ https://t.co/9cFUA19w96"
2018-11-07 20:27:34,"So... is this the beginning of Trump‚Äôs version of the ‚Äúmassacre‚Äù?
Buckle up!!!
It‚Äôs gonna be pretty amazing... and‚Ä¶ https://t.co/ogeTedo12b"
2018-11-07 20:25:43,Voter turnout in Tuesday‚Äôs #MidtermElection2018 increased in every county we serve in the Rochester market.  Compar‚Ä¶ https://t.co/6HRFgefmwc
2018-11-07 20:25:42,We Rocc the Vote in Cali we ain‚Äôt playing that Republican Trump ü§´ out here!!! #MidtermElection2018 #California
2018-11-07 20:24:35,"while white hats go to work, implementing all they have worked for. To quote @StormIsUponUs ‚Äúan entire book will be‚Ä¶ https://t.co/4STc5TScQK"
2018-11-07 20:24:13,watching @cnn and being impressed how @jaketapper and his colleagues  are just doing their job - after such a ‚Äûpres‚Ä¶ https://t.co/uZIJvOwH2p
2018-11-07 20:24:11,Dems taking the house could be a thorn in #Trump‚Äôs side. #DemsTakeTheHouse #ElectionNight #MidtermElection2018 üá∫üá∏
2018-11-07 20:23:17,Soo HAPPY the #MidtermElection2018 is OVER!.üò©üòÅNo more of the constant Repeats of ads!.Annd HAPPY w/ #Connecticut results..üòÅ
2018-11-07 20:22:02,"Congratulations if you didn‚Äôt vote yesterday, you just handed over our country to fascism.

Way to go‚Ä¶ https://t.co/U5hAMFxpOR"
2018-11-07 20:21:56,"Firing of AG #JeffSessions, less than 24 hours after #MidtermElection2018, is #Trump‚Äôs Wednesday Afternoon Massacre‚Ä¶ https://t.co/UdYIZkWtxc"
2018-11-07 20:19:59,Wow! 1 day after #MidtermElection2018 and AG #JeffSessions is fired by @realDonaldTrump. What a coincidence ü§¶‚Äç‚ôÇÔ∏èüëéüèø
2018-11-07 20:19:44,This is his why of taking the attention off the #MidtermElection2018.
2018-11-07 20:16:25,Funny how you see the left saying how now that felons can vote in #Florida in next election it gives them a better‚Ä¶ https://t.co/f5FJKd4wjD
2018-11-07 20:16:19,#Comodo #RSA #British company founded by #MelihAbdulhayoglu houses all except 5 #USA State #VoterServers #PKI‚Ä¶ https://t.co/uBRnoo459S
2018-11-07 20:15:37,"Now that that's over with, I think we should all take this time to reflect on the past few weeks. I think we can al‚Ä¶ https://t.co/yXPG8qKN57"
2018-11-07 20:12:14,"IN A FEW MINUTES:
For analysis of the Midterm election results we speak to Prof Sean Jacobs and our U.S corresponde‚Ä¶ https://t.co/Fda1ET79lu"
2018-11-07 20:10:04,I guess we will see who is more dangerous. Unchecked Trump or threatened Trump... @realDonaldTrump #uspoli #MidtermElection2018
2018-11-07 20:09:21,"Congrats to all the democrats in the US! We feel you guys!

#Midterms2018 #MidtermsElections2018‚Ä¶ https://t.co/OxWMfyMzCY"
2018-11-07 20:05:46,"Big win for Gerry Manders, secures Senate for Republicans #MidtermsElections2018 #MidtermElection2018"
2018-11-07 20:05:03,Markets are cheering gridlock today. #markets #stocks #MidtermElection2018
2018-11-07 20:02:33,California is a mess now #MidtermElection2018
2018-11-07 20:02:11,"So with all this #MidtermElection2018 talk, let‚Äôs not forget an important fact - @realDonaldTrump flipped a Senate‚Ä¶ https://t.co/bKNGjtAa1g"
2018-11-07 19:59:35,"Red alert: #Meltdown in progress! ü§¨ü§Ø

#Trump #freepress #CNN #justalittlefurthertotheedge #MidtermElection2018"
2018-11-07 19:57:37,#Congratulations to my newest US Representative @JoeCunninghamSC! What an amazing accomplishment in flipping #SC01. #MidtermElection2018
2018-11-07 19:57:30,"#JeffSessions 

Just when you thought it would quiet down. #Midterms2018  #MidtermElection2018  #MidtermElections2018  #Vote2018"
2018-11-07 19:57:07,I expect that Senator #MittRomney will be a marvellous conflation of Jeff the Flake and Agonised Susan Collins. He'‚Ä¶ https://t.co/qvGXXdd7mU
2018-11-07 19:56:14,"Walker concedes, Sessions resigns, something about a news conference ‚Äî can I not nap üí§ people #MidtermElection2018"
2018-11-07 19:55:56,"Hey @PeterAlexander, thank you for being a decent human being and standing up for Jim Acosta! #MidtermElection2018 #cnn"
2018-11-07 19:55:50,Mid term results neither blue or red -it's fucking Purple. #MidtermElection2018
2018-11-07 19:53:35,"A heartfelt thank you to all of the volunteers who knocked on doors, made phone calls, worked the polls, and more t‚Ä¶ https://t.co/QaHsjzVeON"
2018-11-07 19:51:10,"Obama - tuit despu√©s de #MidtermElection2018 

‚ÄúCongratulations to everybody who showed up and participated in our‚Ä¶ https://t.co/NMtvSiqpvG"
2018-11-07 19:49:19,"@jeffsessions , fired. #Trump #MidtermElection2018 #POTUS"
2018-11-07 19:49:07,"White women need to stop acting like we‚Äôre so oppressed. You‚Äôre voice is so powerful, use it to lift up ALL women,‚Ä¶ https://t.co/c2HePKd13i"
2018-11-07 19:48:53,So much for that #BlueWave huh? More like a blue ripple. #maga #MidtermElection2018
2018-11-07 19:47:48,SESSIONS RESIGNS!!! #MidtermElection2018 #Trump
2018-11-07 19:47:45,The purge has begun: #Sessions out as AG. #MidtermElection2018
2018-11-07 19:43:26,"Crazy blue #newjersey actually tried...
WTF is your excuse #Montana &amp; #WestVirginia?

#losers #tester #MidtermElection2018 #Midterms"
2018-11-07 19:43:03,"@BrianKempGA, IF you win, the entire nation will ALWAYS see your name with an asterisk next to it. *Could only win‚Ä¶ https://t.co/LtIznOZ9Cx"
2018-11-07 19:42:12,GOD BLESS AMERICA #MidtermElection2018
2018-11-07 19:41:56,"I'm very satisfied that a bunch of Senators who treated Justice Kavanaugh so poorly were replaced in the Senate.

B‚Ä¶ https://t.co/oFNf1k0nEl"
2018-11-07 19:41:51,"Michigan Democrats selected a woman for every statewide office on Tuesday‚Äôs ballot: governor, U.S. senator, attorne‚Ä¶ https://t.co/mrWAAjrKSI"
2018-11-07 19:40:40,The biggest take away from #MidtermElection2018 is will Democrat‚Äôs legislate or waste investigating.  What we need‚Ä¶ https://t.co/29Zfczbodb
2018-11-07 19:35:39,I love how Republicans losing the House and 6-8 senate seats in states that Trump won in 2016 is being spun as a wi‚Ä¶ https://t.co/zfCTJR0hDg
2018-11-07 19:35:24,"Watch all the House Dems that got their seats now turn around on what they campaigned on (Health Care, Economy) and‚Ä¶ https://t.co/w5uh3fBOB5"
2018-11-07 19:34:07,@WilkowMajority Being a #NJRepublican wasn‚Äôt popular yesterday but I was impressed by the voter turnout for‚Ä¶ https://t.co/mGBN1abOaD
2018-11-07 19:34:04,@tonyposnanski Victory:  When just 12 hours after pollings closed you have much more Representation &amp; Representers‚Ä¶ https://t.co/dPNLSNXzmu
2018-11-07 19:33:12,"#MidtermElection2018 If that was ‚Äòa close to perfect‚Äô victory, one wonders what a defeat would look like. ü§∑‚Äç‚ôÄÔ∏è üòê"
2018-11-07 19:26:04,"Progress is progress, every little bit of it, don't forget that. #MidtermElection2018"
2018-11-07 19:24:55,"I must admit, #MidtermElection2018  are really going to change Polish-American relations. For worse, I am scared..."
2018-11-07 19:24:29,I keep hearing about Obama‚Äôs midterm losses. As related to this midterm. Numbers? Nope. Racism. Obama lost because‚Ä¶ https://t.co/hH6Wt18YMV
2018-11-07 19:24:12,I have stood against bullies my entire life and continue to #StandAgainstHate and say #stopbullying #NoHate and‚Ä¶ https://t.co/kLpw86s9TL
2018-11-07 19:24:00,"Did you vote today ?  

#ElectionResults2018 #ElectionNight2018 #ElectionDay 
#MidtermElection2018"
2018-11-07 19:21:18,"I've never been prouder of Kansas. Been giddy all day!  #LauraKelly #ShariceDavids 

As for the rest of the races,‚Ä¶ https://t.co/f3yXPpJTnS"
2018-11-07 19:20:51,"Pretty stoked on #Midterms2018 Annnnd the feminine coming in hot! Still so much work to do in the world, but it fee‚Ä¶ https://t.co/JTXDvDXw03"
2018-11-07 19:19:07,Things are a little rough right now (and we're bummed that we weren't able to get a #ride to go #vote for the‚Ä¶ https://t.co/llRTBRuzso
2018-11-07 19:18:39,"Based on his recent press conference meltdown, I‚Äôd say @realDonaldTrump is greatly effected by the‚Ä¶ https://t.co/pjfQn2aybj"
2018-11-07 19:18:31,.@jonsnowC4‚Äôs question to Trump was really weak. It would also have been better if the press pack had walked out in‚Ä¶ https://t.co/whDMKzp3vL
2018-11-07 19:17:42,"Honestly, America is the biggest attention whore in history. The whole world knew about the #MidtermElection2018 an‚Ä¶ https://t.co/Xp7vWT6ZnB"
2018-11-07 19:16:56,I wonder if the military show #Trump put on at the border will be added to #TedCruz political campaign expenses lol‚Ä¶ https://t.co/cKx6n5zddm
2018-11-07 19:16:56,Obama urges reconciliation. Trump urges combativeness and battle. The 2 men in a nutshell #MidtermElection2018
2018-11-07 19:16:45,MORE | Harris says he will be attending ‚Äúnew member orientation‚Äù for congressmembers-elect next week in Washington‚Ä¶ https://t.co/8OR5MAFSWH
2018-11-07 19:16:21,Trump endorsed 31 House candidates. 28 lost. Perhaps a fact the WHPC should have used in framing their questions to‚Ä¶ https://t.co/XlNoAR6UoP
2018-11-07 19:15:10,"Tester wins his seat in Montana. Good news for the Dems as that's one less seat the Dems lose 
#MidtermElection2018"
2018-11-07 19:14:10,"Great to see how many people voted yesterday.  I don‚Äôt care who you voted for, just that you voted.

Even better to‚Ä¶ https://t.co/xO2bCwJ6Tb"
2018-11-07 19:13:58,"Regardless your sex, put two #IVoted stickers on your nipples and celebrate the pulverizing of republicans #MidtermElection2018 #usa"
2018-11-07 19:13:16,I hate coming from a Red state because I feel the people who don't live in the cities vote for candidates who don't‚Ä¶ https://t.co/aUlwgzhITB
2018-11-07 19:12:24,"Hi @HBO! Thx! All of our #Documentary #Film Team at BULLIES AND FRIENDS Voted! 
Voting Matters! 

#Filmmaking #IVoted üó≥ #MidtermElection2018"
2018-11-07 19:10:49,"#MidtermElection2018 

alright, XANNA. very funny. you took over our govt

when we said ‚Äúreturn to the past, now‚Äù w‚Ä¶ https://t.co/r858NYQsRP"
2018-11-07 19:10:22,Should have included @jodyavirgan @micahcohen @ClareMalone ... cuz they were actually doing the pod‚Ä¶ https://t.co/OSen6BzTyg
2018-11-07 19:10:18,"""We turned this state purple and in 2020 it will be blue."" That's what we did. We have not failed. @Ocasio2018 on‚Ä¶ https://t.co/jzftd9LB0y"
2018-11-07 19:09:05,"What do you think about the results of the #MidtermElection2018? 
#midtermresults 
üá∫üá∏
üî¥ #VoteRed or 
üîµ #VoteBlue?"
2018-11-07 19:09:01,@SRuhle And when are pundits going to start calling out the electorate for the situation we are in and stop just bl‚Ä¶ https://t.co/0nMXunyQpc
2018-11-07 19:04:22,Listening to Trump continually fixating on Obama reminds me of the words of the villain Iago about Othello in Shake‚Ä¶ https://t.co/XW9kQvTFDm
2018-11-07 19:03:25,"‚ÄúIs there any way the temperature could be lowered?‚Äù I love Jon Snow. (Q @ today‚Äôs White House press conference)
#MidtermElection2018"
2018-11-07 19:03:02,"#MidtermElection2018 - well now, 470 people got jobs yesterday (or bought jobs), well paying enriching jobs with lo‚Ä¶ https://t.co/GNDoJoheDt"
2018-11-07 19:02:36,Here's a wacky &amp; novel idea for Western democracies (and I'm not just talking to America): How's about we do away w‚Ä¶ https://t.co/iXHZbqO7dj
2018-11-07 19:01:32,Bexar County broke the record for number of voters on #electionday and had over half a million total votes in the #MidtermElection2018.
2018-11-07 19:01:03,‚ÄùEvery issue is a women‚Äôs issue‚Äù/ Pelosi üí™üèΩüôåüèæ #MidtermElection2018 #USA
2018-11-07 18:59:00,"Yesterday the American Moral Majority and the Christian Coalition, that calls itself the Republican Party, elected‚Ä¶ https://t.co/FFGBQrX7yK"
2018-11-07 18:55:29,Now that Democrats have taken over this mid term elections  what happens to the ruling party?  #MidtermElection2018  #TrumpPresser
2018-11-07 18:54:38,Yesterday my kid was very disappointed that there were no Election Day cookies served in the school cafeteria. Any‚Ä¶ https://t.co/UKwP6mv1be
2018-11-07 18:51:53,"Day one after the midterms, and it‚Äôs pretty clear absolutely nothing has, or will be, changed in terms or press, po‚Ä¶ https://t.co/8KuhRTmYbf"
2018-11-07 18:50:44,congrats to @LucyWins2018 and thanks to ALL the folks in our district who voted for her!!!   Wishing u the best!‚Ä¶ https://t.co/eldk7R5dYF
2018-11-07 18:49:28,Night &amp; day press confrences between Trump &amp; Pelosi. #MidtermElection2018 #msnbc #cnn
2018-11-07 18:48:52,Are you satisfied with the midterm election results? #MidtermElection2018
2018-11-07 18:47:16,It's not over yet in Georgia! Go Abrams and McBath! #MidtermElection2018
2018-11-07 18:46:58,"STOPüëèüèºVOTINGüëèüèºFORüëèüèºINDEPENDENTSüëèüèº

Key races in GA, AZ, and MT are all fucked up because of this nonsense!

JUST‚Ä¶ https://t.co/RcSgGbuzeZ"
2018-11-07 18:46:01,Please don‚Äôt vote Nancy Pelosi to speaker of the house! #MidtermElection2018 #Democrats
2018-11-07 18:45:09,Well looks like Democrats won the house and Republicans won the senate. Looks like my prediction was wrong. With th‚Ä¶ https://t.co/FNyvYtGTdV
2018-11-07 18:44:40,When you are more interested in watching @HouseofCards than the @realDonaldTrump press conference‚Ä¶ https://t.co/0vpZ2oIn0W
2018-11-07 18:43:58,@KatiePavlich Why are these reporters trying to play Big Dick Tony with Trump? It‚Äôs unprofessional #trump #WhiteHouse #MidtermElection2018
2018-11-07 18:43:18,"Christ, it‚Äôs like the #Dems have been depressed for so long they don‚Äôt know how to feel joy. Can‚Äôt wait for‚Ä¶ https://t.co/Iytau8Kvu0"
2018-11-07 18:43:16,"Hi @lyndajorn2 , sorry abt Indiana being an antebellum backwater 

Your west privileges await

#MidtermElection2018"
2018-11-07 18:42:55,My side didn‚Äôt win the house... I‚Äôm off to loot  and get free stuff.  Just kidding I‚Äôm a Republican I‚Äôm at work. #maga #MidtermElection2018
2018-11-07 18:42:23,"hopped up on caffeine, lack of sleep, and nerves. my computer is on the fritz from hitting refresh so many times. S‚Ä¶ https://t.co/XgV47Qc3Io"
2018-11-07 18:42:18,Interesting how GOP &amp; potus bullied through the last two years but now suddenly want to work bipartisan pfffft‚Ä¶ https://t.co/FfJOBHJ8Kz
2018-11-07 18:40:32,Thank you @jontester for not backing down!!! #MidtermElection2018 #Montana
2018-11-07 18:40:17,@stephensackur has just made the understatement of the decade: ‚Äúthere‚Äôs nothing in global politics quite like a Don‚Ä¶ https://t.co/aIQfsYDdVU
2018-11-07 18:38:47,You know there‚Äôs something wrong with politics in your country when people prefer a dead republican over a living d‚Ä¶ https://t.co/Z5ltGmTAXE
2018-11-07 18:38:20,"Pelosi: Calls last night‚Äôs vote not only a vote to protect healthcare, but also to restore the health of our democracy. #MidtermElection2018"
2018-11-07 18:38:08,Yay! We‚Äôre all winners in Congress! The Democrats should love this! #everyonesawinner #trophiesforall #MidtermElection2018
2018-11-07 18:38:00,"""Strength of Constitution, Concentration on GOP, Checks and balances will be key for Democrats and not a rubberstam‚Ä¶ https://t.co/QpwjXmNjGU"
2018-11-07 18:37:18,#cnn #MidtermElection2018 going from that Trump news conference to Nancy Pelosi‚Äôs is like switching channels from T‚Ä¶ https://t.co/VGmjM4oFDa
2018-11-07 18:35:30,Can anyone understand Nancy Pelosi ? Is this the best we can do as a nation? It‚Äôs going to be a freak show for 2 years #MidtermElection2018
2018-11-07 18:33:23,Just watched the #Trump press conference. .. the man needs help! #MidtermElection2018
2018-11-07 18:32:42,"On the press conference, the President Trump was obviously acting like a person under threat. He takes the‚Ä¶ https://t.co/awwFP0ST4h"
2018-11-07 18:32:33,"@realDonaldTrump lost bigly last night. Sorry bitch, not sorry. #bluewave #MidtermElection2018"
2018-11-07 18:32:03,"Assuming those #FLSen results hold, there will only be 1 @TheDemocrats Senator in the entire South (AND he will be‚Ä¶ https://t.co/f1pS26hDpK"
2018-11-07 18:31:47,"I watched about 5 seconds of the #MidtermElection2018 #press conference featuring #45 bloviating, and then switched‚Ä¶ https://t.co/rrtxHh2Qed"
2018-11-07 18:30:00,We‚Äôll take the house. #MidtermElection2018
2018-11-07 18:29:15,@realDonaldTrump sees himself as Don Corleone.  The Godfather.  Utter lunatic.  Christ.  #MidtermElection2018
2018-11-07 18:29:11,@FoxNews calls Trump‚Äôs maniacal rants ‚Äúwide ranging‚Äù. In other news @seanhannity has never heard of Trump. #MidtermElection2018
2018-11-07 18:28:34,@POTUS @realDonaldTrump is so used to #FakeNewsMedia that he just shook it off and go and celebration the historic‚Ä¶ https://t.co/XmFLJmNbIe
2018-11-07 18:27:42,Great to have a woman speaker of the House again though! #Midterm2018 @NancyPelosi #MidtermElection2018
2018-11-07 18:26:45,Jim Acosta is a jerk plain and simple !#MidtermElection2018 #
2018-11-07 18:26:42,"And there he goes.

.

.

.

.

After the #MidtermElection2018"
